company_name,year,cik,name,ticker,filingDate,reportDate,form,accessionNumber,primaryDocument,secIndexUrl,interactiveDataUrl,xbrlUrl
walmart,2024,104169,Walmart Inc.,WMT,2024-03-15,2024-01-31,10-K,0000104169-24-000056,wmt-20240131.htm,https://www.sec.gov/Archives/edgar/data/0000104169/000010416924000056/0000104169-24-000056-index.html,https://www.sec.gov/cgi-bin/viewer?action=view&cik=104169&accession_number=0000104169-24-000056&xbrl_type=v,https://www.sec.gov/Archives/edgar/data/104169/000010416924000056/wmt-20240131_htm.xml
walmart,2023,104169,Walmart Inc.,WMT,2023-03-17,2023-01-31,10-K,0000104169-23-000020,wmt-20230131.htm,https://www.sec.gov/Archives/edgar/data/0000104169/000010416923000020/0000104169-23-000020-index.html,https://www.sec.gov/cgi-bin/viewer?action=view&cik=104169&accession_number=0000104169-23-000020&xbrl_type=v,https://www.sec.gov/Archives/edgar/data/104169/000010416923000020/wmt-20230131_htm.xml
walmart,2022,104169,Walmart Inc.,WMT,2022-03-18,2022-01-31,10-K,0000104169-22-000012,wmt-20220131.htm,https://www.sec.gov/Archives/edgar/data/0000104169/000010416922000012/0000104169-22-000012-index.html,https://www.sec.gov/cgi-bin/viewer?action=view&cik=104169&accession_number=0000104169-22-000012&xbrl_type=v,https://www.sec.gov/Archives/edgar/data/104169/000010416922000012/wmt-20220131_htm.xml
walmart,2021,104169,Walmart Inc.,WMT,2021-03-19,2021-01-31,10-K,0000104169-21-000033,wmt-20210131.htm,https://www.sec.gov/Archives/edgar/data/0000104169/000010416921000033/0000104169-21-000033-index.html,https://www.sec.gov/cgi-bin/viewer?action=view&cik=104169&accession_number=0000104169-21-000033&xbrl_type=v,https://www.sec.gov/Archives/edgar/data/104169/000010416921000033/wmt-20210131_htm.xml
target,2024,27419,TARGET CORP,TGT,2024-03-13,2024-02-03,10-K,0000027419-24-000032,tgt-20240203.htm,https://www.sec.gov/Archives/edgar/data/0000027419/000002741924000032/0000027419-24-000032-index.html,https://www.sec.gov/cgi-bin/viewer?action=view&cik=27419&accession_number=0000027419-24-000032&xbrl_type=v,https://www.sec.gov/Archives/edgar/data/27419/000002741924000032/tgt-20240203_htm.xml
target,2023,27419,TARGET CORP,TGT,2023-03-08,2023-01-28,10-K,0000027419-23-000015,tgt-20230128.htm,https://www.sec.gov/Archives/edgar/data/0000027419/000002741923000015/0000027419-23-000015-index.html,https://www.sec.gov/cgi-bin/viewer?action=view&cik=27419&accession_number=0000027419-23-000015&xbrl_type=v,https://www.sec.gov/Archives/edgar/data/27419/000002741923000015/tgt-20230128_htm.xml
target,2022,27419,TARGET CORP,TGT,2022-03-09,2022-01-29,10-K,0000027419-22-000007,tgt-20220129.htm,https://www.sec.gov/Archives/edgar/data/0000027419/000002741922000007/0000027419-22-000007-index.html,https://www.sec.gov/cgi-bin/viewer?action=view&cik=27419&accession_number=0000027419-22-000007&xbrl_type=v,https://www.sec.gov/Archives/edgar/data/27419/000002741922000007/tgt-20220129_htm.xml
target,2021,27419,TARGET CORP,TGT,2021-03-10,2021-01-30,10-K,0000027419-21-000010,tgt-20210130.htm,https://www.sec.gov/Archives/edgar/data/0000027419/000002741921000010/0000027419-21-000010-index.html,https://www.sec.gov/cgi-bin/viewer?action=view&cik=27419&accession_number=0000027419-21-000010&xbrl_type=v,https://www.sec.gov/Archives/edgar/data/27419/000002741921000010/tgt-20210130_htm.xml
target,2020,27419,TARGET CORP,TGT,2020-03-11,2020-02-01,10-K,0000027419-20-000008,tgt-20200201.htm,https://www.sec.gov/Archives/edgar/data/0000027419/000002741920000008/0000027419-20-000008-index.html,https://www.sec.gov/cgi-bin/viewer?action=view&cik=27419&accession_number=0000027419-20-000008&xbrl_type=v,https://www.sec.gov/Archives/edgar/data/27419/000002741920000008/tgt-20200201_htm.xml
target,2019,27419,TARGET CORP,TGT,2019-03-13,2019-02-02,10-K,0000027419-19-000006,tgt-20190202x10k.htm,https://www.sec.gov/Archives/edgar/data/0000027419/000002741919000006/0000027419-19-000006-index.html,https://www.sec.gov/cgi-bin/viewer?action=view&cik=27419&accession_number=0000027419-19-000006&xbrl_type=v,https://www.sec.gov/Archives/edgar/data/27419/000002741919000006/tgt-20190202.xml
dollar_general,2024,0000029534,DOLLAR GENERAL CORP,DG,2024-03-25,2024-02-02,10-K,0001558370-24-003813,dg-20240202x10k.htm,https://www.sec.gov/Archives/edgar/data/0000029534/000155837024003813/0001558370-24-003813-index.html,https://www.sec.gov/cgi-bin/viewer?action=view&cik=29534&accession_number=0001558370-24-003813&xbrl_type=v,https://www.sec.gov/Archives/edgar/data/29534/000155837024003813/dg-20240202x10k_htm.xml
dollar_general,2023,0000029534,DOLLAR GENERAL CORP,DG,2023-03-24,2023-02-03,10-K,0001558370-23-004574,dg-20230203x10k.htm,https://www.sec.gov/Archives/edgar/data/0000029534/000155837023004574/0001558370-23-004574-index.html,https://www.sec.gov/cgi-bin/viewer?action=view&cik=29534&accession_number=0001558370-23-004574&xbrl_type=v,https://www.sec.gov/Archives/edgar/data/29534/000155837023004574/dg-20230203x10k_htm.xml
dollar_general,2022,0000029534,DOLLAR GENERAL CORP,DG,2022-03-18,2022-01-28,10-K,0001558370-22-003921,dg-20220128x10k.htm,https://www.sec.gov/Archives/edgar/data/0000029534/000155837022003921/0001558370-22-003921-index.html,https://www.sec.gov/cgi-bin/viewer?action=view&cik=29534&accession_number=0001558370-22-003921&xbrl_type=v,https://www.sec.gov/Archives/edgar/data/29534/000155837022003921/dg-20220128x10k_htm.xml
dollar_general,2021,0000029534,DOLLAR GENERAL CORP,DG,2021-03-19,2021-01-29,10-K,0001558370-21-003245,dg-20210129x10k.htm,https://www.sec.gov/Archives/edgar/data/0000029534/000155837021003245/0001558370-21-003245-index.html,https://www.sec.gov/cgi-bin/viewer?action=view&cik=29534&accession_number=0001558370-21-003245&xbrl_type=v,https://www.sec.gov/Archives/edgar/data/29534/000155837021003245/dg-20210129x10k_htm.xml
dollar_general,2020,0000029534,DOLLAR GENERAL CORP,DG,2020-03-19,2020-01-31,10-K,0001558370-20-002915,dg-20200131x10ka41072.htm,https://www.sec.gov/Archives/edgar/data/0000029534/000155837020002915/0001558370-20-002915-index.html,https://www.sec.gov/cgi-bin/viewer?action=view&cik=29534&accession_number=0001558370-20-002915&xbrl_type=v,https://www.sec.gov/Archives/edgar/data/29534/000155837020002915/dg-20200131x10ka41072_htm.xml
dollar_general,2019,0000029534,DOLLAR GENERAL CORP,DG,2019-03-22,2019-02-01,10-K,0001558370-19-002383,dg-20190201x10k.htm,https://www.sec.gov/Archives/edgar/data/0000029534/000155837019002383/0001558370-19-002383-index.html,https://www.sec.gov/cgi-bin/viewer?action=view&cik=29534&accession_number=0001558370-19-002383&xbrl_type=v,https://www.sec.gov/Archives/edgar/data/29534/000155837019002383/dg-20190201.xml
dollar_tree,2024,935703,"DOLLAR TREE, INC.",DLTR,2024-03-20,2024-02-03,10-K,0000935703-24-000011,dltr-20240203.htm,https://www.sec.gov/Archives/edgar/data/0000935703/000093570324000011/0000935703-24-000011-index.html,https://www.sec.gov/cgi-bin/viewer?action=view&cik=935703&accession_number=0000935703-24-000011&xbrl_type=v,https://www.sec.gov/Archives/edgar/data/935703/000093570324000011/dltr-20240203_htm.xml
dollar_tree,2023,935703,"DOLLAR TREE, INC.",DLTR,2023-03-10,2023-01-28,10-K,0000935703-23-000016,dltr-20230128.htm,https://www.sec.gov/Archives/edgar/data/0000935703/000093570323000016/0000935703-23-000016-index.html,https://www.sec.gov/cgi-bin/viewer?action=view&cik=935703&accession_number=0000935703-23-000016&xbrl_type=v,https://www.sec.gov/Archives/edgar/data/935703/000093570323000016/dltr-20230128_htm.xml
dollar_tree,2022,935703,"DOLLAR TREE, INC.",DLTR,2022-03-15,2022-01-29,10-K,0000935703-22-000020,dltr-20220129.htm,https://www.sec.gov/Archives/edgar/data/0000935703/000093570322000020/0000935703-22-000020-index.html,https://www.sec.gov/cgi-bin/viewer?action=view&cik=935703&accession_number=0000935703-22-000020&xbrl_type=v,https://www.sec.gov/Archives/edgar/data/935703/000093570322000020/dltr-20220129_htm.xml
dollar_tree,2021,935703,"DOLLAR TREE, INC.",DLTR,2021-03-16,2021-01-30,10-K,0000935703-21-000014,dltr-20210130.htm,https://www.sec.gov/Archives/edgar/data/0000935703/000093570321000014/0000935703-21-000014-index.html,https://www.sec.gov/cgi-bin/viewer?action=view&cik=935703&accession_number=0000935703-21-000014&xbrl_type=v,https://www.sec.gov/Archives/edgar/data/935703/000093570321000014/dltr-20210130_htm.xml
dollar_tree,2020,935703,"DOLLAR TREE, INC.",DLTR,2020-03-20,2020-02-01,10-K,0000935703-20-000006,dltr-2020x02x01x10k.htm,https://www.sec.gov/Archives/edgar/data/0000935703/000093570320000006/0000935703-20-000006-index.html,https://www.sec.gov/cgi-bin/viewer?action=view&cik=935703&accession_number=0000935703-20-000006&xbrl_type=v,https://www.sec.gov/Archives/edgar/data/935703/000093570320000006/dltr-2020x02x01x10k_htm.xml
dollar_tree,2019,935703,"DOLLAR TREE, INC.",DLTR,2019-03-27,2019-02-02,10-K,0000935703-19-000024,dltr-2019x02x02x10k.htm,https://www.sec.gov/Archives/edgar/data/0000935703/000093570319000024/0000935703-19-000024-index.html,https://www.sec.gov/cgi-bin/viewer?action=view&cik=935703&accession_number=0000935703-19-000024&xbrl_type=v,https://www.sec.gov/Archives/edgar/data/935703/000093570319000024/dltr-20190202.xml
five_below,2024,1177609,"FIVE BELOW, INC",FIVE,2024-03-21,2024-02-03,10-K,0001177609-24-000008,five-20240203.htm,https://www.sec.gov/Archives/edgar/data/0001177609/000117760924000008/0001177609-24-000008-index.html,https://www.sec.gov/cgi-bin/viewer?action=view&cik=1177609&accession_number=0001177609-24-000008&xbrl_type=v,https://www.sec.gov/Archives/edgar/data/1177609/000117760924000008/five-20240203_htm.xml
five_below,2023,1177609,"FIVE BELOW, INC",FIVE,2023-03-16,2023-01-28,10-K,0001177609-23-000009,five-20230128.htm,https://www.sec.gov/Archives/edgar/data/0001177609/000117760923000009/0001177609-23-000009-index.html,https://www.sec.gov/cgi-bin/viewer?action=view&cik=1177609&accession_number=0001177609-23-000009&xbrl_type=v,https://www.sec.gov/Archives/edgar/data/1177609/000117760923000009/five-20230128_htm.xml
five_below,2022,1177609,"FIVE BELOW, INC",FIVE,2022-03-30,2022-01-29,10-K,0001177609-22-000010,five-20220129.htm,https://www.sec.gov/Archives/edgar/data/0001177609/000117760922000010/0001177609-22-000010-index.html,https://www.sec.gov/cgi-bin/viewer?action=view&cik=1177609&accession_number=0001177609-22-000010&xbrl_type=v,https://www.sec.gov/Archives/edgar/data/1177609/000117760922000010/five-20220129_htm.xml
five_below,2021,1177609,"FIVE BELOW, INC",FIVE,2021-03-18,2021-01-30,10-K,0001177609-21-000011,five-20210130.htm,https://www.sec.gov/Archives/edgar/data/0001177609/000117760921000011/0001177609-21-000011-index.html,https://www.sec.gov/cgi-bin/viewer?action=view&cik=1177609&accession_number=0001177609-21-000011&xbrl_type=v,https://www.sec.gov/Archives/edgar/data/1177609/000117760921000011/five-20210130_htm.xml
five_below,2020,1177609,"FIVE BELOW, INC",FIVE,2020-03-19,2020-02-01,10-K,0001177609-20-000009,form10k2019fivebelowfo.htm,https://www.sec.gov/Archives/edgar/data/0001177609/000117760920000009/0001177609-20-000009-index.html,https://www.sec.gov/cgi-bin/viewer?action=view&cik=1177609&accession_number=0001177609-20-000009&xbrl_type=v,https://www.sec.gov/Archives/edgar/data/1177609/000117760920000009/form10k2019fivebelowfo_htm.xml
five_below,2019,1177609,"FIVE BELOW, INC",FIVE,2019-03-28,2019-02-02,10-K,0001177609-19-000010,form10k2018_fivebelowform1.htm,https://www.sec.gov/Archives/edgar/data/0001177609/000117760919000010/0001177609-19-000010-index.html,https://www.sec.gov/cgi-bin/viewer?action=view&cik=1177609&accession_number=0001177609-19-000010&xbrl_type=v,https://www.sec.gov/Archives/edgar/data/1177609/000117760919000010/five-20190202.xml
costco,2023,909832,COSTCO WHOLESALE CORP /NEW,COST,2023-10-11,2023-09-03,10-K,0000909832-23-000042,cost-20230903.htm,https://www.sec.gov/Archives/edgar/data/0000909832/000090983223000042/0000909832-23-000042-index.html,https://www.sec.gov/cgi-bin/viewer?action=view&cik=909832&accession_number=0000909832-23-000042&xbrl_type=v,https://www.sec.gov/Archives/edgar/data/909832/000090983223000042/cost-20230903_htm.xml
costco,2022,909832,COSTCO WHOLESALE CORP /NEW,COST,2022-10-05,2022-08-28,10-K,0000909832-22-000021,cost-20220828.htm,https://www.sec.gov/Archives/edgar/data/0000909832/000090983222000021/0000909832-22-000021-index.html,https://www.sec.gov/cgi-bin/viewer?action=view&cik=909832&accession_number=0000909832-22-000021&xbrl_type=v,https://www.sec.gov/Archives/edgar/data/909832/000090983222000021/cost-20220828_htm.xml
costco,2021,909832,COSTCO WHOLESALE CORP /NEW,COST,2021-10-06,2021-08-29,10-K,0000909832-21-000014,cost-20210829.htm,https://www.sec.gov/Archives/edgar/data/0000909832/000090983221000014/0000909832-21-000014-index.html,https://www.sec.gov/cgi-bin/viewer?action=view&cik=909832&accession_number=0000909832-21-000014&xbrl_type=v,https://www.sec.gov/Archives/edgar/data/909832/000090983221000014/cost-20210829_htm.xml
costco,2020,909832,COSTCO WHOLESALE CORP /NEW,COST,2020-10-07,2020-08-30,10-K,0000909832-20-000017,cost-20200830.htm,https://www.sec.gov/Archives/edgar/data/0000909832/000090983220000017/0000909832-20-000017-index.html,https://www.sec.gov/cgi-bin/viewer?action=view&cik=909832&accession_number=0000909832-20-000017&xbrl_type=v,https://www.sec.gov/Archives/edgar/data/909832/000090983220000017/cost-20200830_htm.xml
costco,2019,909832,COSTCO WHOLESALE CORP /NEW,COST,2019-10-11,2019-09-01,10-K,0000909832-19-000019,cost10k9119.htm,https://www.sec.gov/Archives/edgar/data/0000909832/000090983219000019/0000909832-19-000019-index.html,https://www.sec.gov/cgi-bin/viewer?action=view&cik=909832&accession_number=0000909832-19-000019&xbrl_type=v,https://www.sec.gov/Archives/edgar/data/909832/000090983219000019/cost-20190901.xml
bjs,2024,1531152,"BJ's Wholesale Club Holdings, Inc.",BJ,2024-03-18,2024-02-03,10-K,0001531152-24-000026,bj-20240203.htm,https://www.sec.gov/Archives/edgar/data/0001531152/000153115224000026/0001531152-24-000026-index.html,https://www.sec.gov/cgi-bin/viewer?action=view&cik=1531152&accession_number=0001531152-24-000026&xbrl_type=v,https://www.sec.gov/Archives/edgar/data/1531152/000153115224000026/bj-20240203_htm.xml
bjs,2023,1531152,"BJ's Wholesale Club Holdings, Inc.",BJ,2023-03-16,2023-01-28,10-K,0001531152-23-000026,bj-20230128.htm,https://www.sec.gov/Archives/edgar/data/0001531152/000153115223000026/0001531152-23-000026-index.html,https://www.sec.gov/cgi-bin/viewer?action=view&cik=1531152&accession_number=0001531152-23-000026&xbrl_type=v,https://www.sec.gov/Archives/edgar/data/1531152/000153115223000026/bj-20230128_htm.xml
bjs,2022,1531152,"BJ's Wholesale Club Holdings, Inc.",BJ,2022-03-17,2022-01-29,10-K,0001531152-22-000007,bj-20220129.htm,https://www.sec.gov/Archives/edgar/data/0001531152/000153115222000007/0001531152-22-000007-index.html,https://www.sec.gov/cgi-bin/viewer?action=view&cik=1531152&accession_number=0001531152-22-000007&xbrl_type=v,https://www.sec.gov/Archives/edgar/data/1531152/000153115222000007/bj-20220129_htm.xml
bjs,2021,1531152,"BJ's Wholesale Club Holdings, Inc.",BJ,2021-03-19,2021-01-30,10-K,0001437749-21-006555,bj20201001_10k.htm,https://www.sec.gov/Archives/edgar/data/0001531152/000143774921006555/0001437749-21-006555-index.html,https://www.sec.gov/cgi-bin/viewer?action=view&cik=1531152&accession_number=0001437749-21-006555&xbrl_type=v,https://www.sec.gov/Archives/edgar/data/1531152/000143774921006555/bj20201001_10k_htm.xml
bjs,2020,1531152,"BJ's Wholesale Club Holdings, Inc.",BJ,2020-03-19,2020-02-01,10-K,0001531152-20-000014,bj-20200201x10k.htm,https://www.sec.gov/Archives/edgar/data/0001531152/000153115220000014/0001531152-20-000014-index.html,https://www.sec.gov/cgi-bin/viewer?action=view&cik=1531152&accession_number=0001531152-20-000014&xbrl_type=v,https://www.sec.gov/Archives/edgar/data/1531152/000153115220000014/bj-20200201x10k_htm.xml
bjs,2019,1531152,"BJ's Wholesale Club Holdings, Inc.",BJ,2019-03-25,2019-02-02,10-K,0001531152-19-000010,bj-20190202x10k.htm,https://www.sec.gov/Archives/edgar/data/0001531152/000153115219000010/0001531152-19-000010-index.html,https://www.sec.gov/cgi-bin/viewer?action=view&cik=1531152&accession_number=0001531152-19-000010&xbrl_type=v,https://www.sec.gov/Archives/edgar/data/1531152/000153115219000010/bj-20190202.xml
tj_maxx,2024,109198,TJX COMPANIES INC /DE/,TJX,2024-04-03,2024-02-03,10-K,0000109198-24-000014,tjx-20240203.htm,https://www.sec.gov/Archives/edgar/data/0000109198/000010919824000014/0000109198-24-000014-index.html,https://www.sec.gov/cgi-bin/viewer?action=view&cik=109198&accession_number=0000109198-24-000014&xbrl_type=v,https://www.sec.gov/Archives/edgar/data/109198/000010919824000014/tjx-20240203_htm.xml
tj_maxx,2023,109198,TJX COMPANIES INC /DE/,TJX,2023-03-29,2023-01-28,10-K,0000109198-23-000004,tjx-20230128.htm,https://www.sec.gov/Archives/edgar/data/0000109198/000010919823000004/0000109198-23-000004-index.html,https://www.sec.gov/cgi-bin/viewer?action=view&cik=109198&accession_number=0000109198-23-000004&xbrl_type=v,https://www.sec.gov/Archives/edgar/data/109198/000010919823000004/tjx-20230128_htm.xml
tj_maxx,2022,109198,TJX COMPANIES INC /DE/,TJX,2022-03-30,2022-01-29,10-K,0000109198-22-000008,tjx-20220129.htm,https://www.sec.gov/Archives/edgar/data/0000109198/000010919822000008/0000109198-22-000008-index.html,https://www.sec.gov/cgi-bin/viewer?action=view&cik=109198&accession_number=0000109198-22-000008&xbrl_type=v,https://www.sec.gov/Archives/edgar/data/109198/000010919822000008/tjx-20220129_htm.xml
tj_maxx,2021,109198,TJX COMPANIES INC /DE/,TJX,2021-03-31,2021-01-30,10-K,0000109198-21-000006,tjx-20210130.htm,https://www.sec.gov/Archives/edgar/data/0000109198/000010919821000006/0000109198-21-000006-index.html,https://www.sec.gov/cgi-bin/viewer?action=view&cik=109198&accession_number=0000109198-21-000006&xbrl_type=v,https://www.sec.gov/Archives/edgar/data/109198/000010919821000006/tjx-20210130_htm.xml
tj_maxx,2020,109198,TJX COMPANIES INC /DE/,TJX,2020-03-27,2020-02-01,10-K,0000109198-20-000004,tjx-20200201.htm,https://www.sec.gov/Archives/edgar/data/0000109198/000010919820000004/0000109198-20-000004-index.html,https://www.sec.gov/cgi-bin/viewer?action=view&cik=109198&accession_number=0000109198-20-000004&xbrl_type=v,https://www.sec.gov/Archives/edgar/data/109198/000010919820000004/tjx-20200201_htm.xml
tj_maxx,2019,109198,TJX COMPANIES INC /DE/,TJX,2019-04-03,2019-02-02,10-K,0001628280-19-003834,tjx-10kx20190202.htm,https://www.sec.gov/Archives/edgar/data/0000109198/000162828019003834/0001628280-19-003834-index.html,https://www.sec.gov/cgi-bin/viewer?action=view&cik=109198&accession_number=0001628280-19-003834&xbrl_type=v,https://www.sec.gov/Archives/edgar/data/109198/000162828019003834/tjx-20190202.xml
ross,2024,745732,"ROSS STORES, INC.",ROST,2024-04-02,2024-02-03,10-K,0000745732-24-000009,rost-20240203.htm,https://www.sec.gov/Archives/edgar/data/0000745732/000074573224000009/0000745732-24-000009-index.html,https://www.sec.gov/cgi-bin/viewer?action=view&cik=745732&accession_number=0000745732-24-000009&xbrl_type=v,https://www.sec.gov/Archives/edgar/data/745732/000074573224000009/rost-20240203_htm.xml
ross,2023,745732,"ROSS STORES, INC.",ROST,2023-03-28,2023-01-28,10-K,0000745732-23-000013,rost-20230128.htm,https://www.sec.gov/Archives/edgar/data/0000745732/000074573223000013/0000745732-23-000013-index.html,https://www.sec.gov/cgi-bin/viewer?action=view&cik=745732&accession_number=0000745732-23-000013&xbrl_type=v,https://www.sec.gov/Archives/edgar/data/745732/000074573223000013/rost-20230128_htm.xml
ross,2022,745732,"ROSS STORES, INC.",ROST,2022-03-29,2022-01-29,10-K,0000745732-22-000014,rost-20220129.htm,https://www.sec.gov/Archives/edgar/data/0000745732/000074573222000014/0000745732-22-000014-index.html,https://www.sec.gov/cgi-bin/viewer?action=view&cik=745732&accession_number=0000745732-22-000014&xbrl_type=v,https://www.sec.gov/Archives/edgar/data/745732/000074573222000014/rost-20220129_htm.xml
ross,2021,745732,"ROSS STORES, INC.",ROST,2021-03-30,2021-01-30,10-K,0000745732-21-000017,rost-20210130.htm,https://www.sec.gov/Archives/edgar/data/0000745732/000074573221000017/0000745732-21-000017-index.html,https://www.sec.gov/cgi-bin/viewer?action=view&cik=745732&accession_number=0000745732-21-000017&xbrl_type=v,https://www.sec.gov/Archives/edgar/data/745732/000074573221000017/rost-20210130_htm.xml
ross,2020,745732,"ROSS STORES, INC.",ROST,2020-03-31,2020-02-01,10-K,0000745732-20-000016,rost-20200201.htm,https://www.sec.gov/Archives/edgar/data/0000745732/000074573220000016/0000745732-20-000016-index.html,https://www.sec.gov/cgi-bin/viewer?action=view&cik=745732&accession_number=0000745732-20-000016&xbrl_type=v,https://www.sec.gov/Archives/edgar/data/745732/000074573220000016/rost-20200201_htm.xml
ross,2019,745732,"ROSS STORES, INC.",ROST,2019-04-02,2019-02-02,10-K,0000745732-19-000009,rost-20190202x10k.htm,https://www.sec.gov/Archives/edgar/data/0000745732/000074573219000009/0000745732-19-000009-index.html,https://www.sec.gov/cgi-bin/viewer?action=view&cik=745732&accession_number=0000745732-19-000009&xbrl_type=v,https://www.sec.gov/Archives/edgar/data/745732/000074573219000009/rost-20190202.xml
burlington,2024,1579298,"Burlington Stores, Inc.",BURL,2024-03-15,2024-02-03,10-K,0000950170-24-032207,burl-20240203.htm,https://www.sec.gov/Archives/edgar/data/0001579298/000095017024032207/0000950170-24-032207-index.html,https://www.sec.gov/cgi-bin/viewer?action=view&cik=1579298&accession_number=0000950170-24-032207&xbrl_type=v,https://www.sec.gov/Archives/edgar/data/1579298/000095017024032207/burl-20240203_htm.xml
burlington,2023,1579298,"Burlington Stores, Inc.",BURL,2023-03-13,2023-01-28,10-K,0000950170-23-007586,burl-20230128.htm,https://www.sec.gov/Archives/edgar/data/0001579298/000095017023007586/0000950170-23-007586-index.html,https://www.sec.gov/cgi-bin/viewer?action=view&cik=1579298&accession_number=0000950170-23-007586&xbrl_type=v,https://www.sec.gov/Archives/edgar/data/1579298/000095017023007586/burl-20230128_htm.xml
burlington,2022,1579298,"Burlington Stores, Inc.",BURL,2022-03-16,2022-01-29,10-K,0000950170-22-003963,burl-20220129.htm,https://www.sec.gov/Archives/edgar/data/0001579298/000095017022003963/0000950170-22-003963-index.html,https://www.sec.gov/cgi-bin/viewer?action=view&cik=1579298&accession_number=0000950170-22-003963&xbrl_type=v,https://www.sec.gov/Archives/edgar/data/1579298/000095017022003963/burl-20220129_htm.xml
burlington,2021,1579298,"Burlington Stores, Inc.",BURL,2021-03-15,2021-01-30,10-K,0001564590-21-013162,burl-10k_20210130.htm,https://www.sec.gov/Archives/edgar/data/0001579298/000156459021013162/0001564590-21-013162-index.html,https://www.sec.gov/cgi-bin/viewer?action=view&cik=1579298&accession_number=0001564590-21-013162&xbrl_type=v,https://www.sec.gov/Archives/edgar/data/1579298/000156459021013162/burl-10k_20210130_htm.xml
burlington,2020,1579298,"Burlington Stores, Inc.",BURL,2020-03-13,2020-02-01,10-K,0001564590-20-010835,burl-10k_20200201.htm,https://www.sec.gov/Archives/edgar/data/0001579298/000156459020010835/0001564590-20-010835-index.html,https://www.sec.gov/cgi-bin/viewer?action=view&cik=1579298&accession_number=0001564590-20-010835&xbrl_type=v,https://www.sec.gov/Archives/edgar/data/1579298/000156459020010835/burl-10k_20200201_htm.xml
burlington,2019,1579298,"Burlington Stores, Inc.",BURL,2019-03-20,2019-02-02,10-K,0001564590-19-008656,burl-10k_20190202.htm,https://www.sec.gov/Archives/edgar/data/0001579298/000156459019008656/0001564590-19-008656-index.html,https://www.sec.gov/cgi-bin/viewer?action=view&cik=1579298&accession_number=0001564590-19-008656&xbrl_type=v,https://www.sec.gov/Archives/edgar/data/1579298/000156459019008656/burl-20190202.xml
macys,2024,794367,"Macy's, Inc.",M,2024-03-22,2024-02-03,10-K,0001628280-24-012734,m-20240203.htm,https://www.sec.gov/Archives/edgar/data/0000794367/000162828024012734/0001628280-24-012734-index.html,https://www.sec.gov/cgi-bin/viewer?action=view&cik=794367&accession_number=0001628280-24-012734&xbrl_type=v,https://www.sec.gov/Archives/edgar/data/794367/000162828024012734/m-20240203_htm.xml
macys,2023,794367,"Macy's, Inc.",M,2023-03-24,2023-01-28,10-K,0001628280-23-009154,m-20230128.htm,https://www.sec.gov/Archives/edgar/data/0000794367/000162828023009154/0001628280-23-009154-index.html,https://www.sec.gov/cgi-bin/viewer?action=view&cik=794367&accession_number=0001628280-23-009154&xbrl_type=v,https://www.sec.gov/Archives/edgar/data/794367/000162828023009154/m-20230128_htm.xml
macys,2022,794367,"Macy's, Inc.",M,2022-03-25,2022-01-29,10-K,0001564590-22-011726,m-10k_20220129.htm,https://www.sec.gov/Archives/edgar/data/0000794367/000156459022011726/0001564590-22-011726-index.html,https://www.sec.gov/cgi-bin/viewer?action=view&cik=794367&accession_number=0001564590-22-011726&xbrl_type=v,https://www.sec.gov/Archives/edgar/data/794367/000156459022011726/m-10k_20220129_htm.xml
macys,2021,794367,"Macy's, Inc.",M,2021-03-29,2021-01-30,10-K,0001564590-21-016119,m-10k_20210130.htm,https://www.sec.gov/Archives/edgar/data/0000794367/000156459021016119/0001564590-21-016119-index.html,https://www.sec.gov/cgi-bin/viewer?action=view&cik=794367&accession_number=0001564590-21-016119&xbrl_type=v,https://www.sec.gov/Archives/edgar/data/794367/000156459021016119/m-10k_20210130_htm.xml
macys,2020,794367,"Macy's, Inc.",M,2020-03-30,2020-02-01,10-K,0000794367-20-000040,m-0201202010xk.htm,https://www.sec.gov/Archives/edgar/data/0000794367/000079436720000040/0000794367-20-000040-index.html,https://www.sec.gov/cgi-bin/viewer?action=view&cik=794367&accession_number=0000794367-20-000040&xbrl_type=v,https://www.sec.gov/Archives/edgar/data/794367/000079436720000040/m-0201202010xk_htm.xml
macys,2019,794367,"Macy's, Inc.",M,2019-04-03,2019-02-02,10-K,0000794367-19-000038,m-0202201910xk.htm,https://www.sec.gov/Archives/edgar/data/0000794367/000079436719000038/0000794367-19-000038-index.html,https://www.sec.gov/cgi-bin/viewer?action=view&cik=794367&accession_number=0000794367-19-000038&xbrl_type=v,https://www.sec.gov/Archives/edgar/data/794367/000079436719000038/m-20190202.xml
nordstrom,2024,72333,NORDSTROM INC,JWN,2024-03-19,2024-02-03,10-K,0000072333-24-000031,jwn-20240203.htm,https://www.sec.gov/Archives/edgar/data/0000072333/000007233324000031/0000072333-24-000031-index.html,https://www.sec.gov/cgi-bin/viewer?action=view&cik=72333&accession_number=0000072333-24-000031&xbrl_type=v,https://www.sec.gov/Archives/edgar/data/72333/000007233324000031/jwn-20240203_htm.xml
nordstrom,2023,72333,NORDSTROM INC,JWN,2023-03-10,2023-01-28,10-K,0000072333-23-000037,jwn-20230128.htm,https://www.sec.gov/Archives/edgar/data/0000072333/000007233323000037/0000072333-23-000037-index.html,https://www.sec.gov/cgi-bin/viewer?action=view&cik=72333&accession_number=0000072333-23-000037&xbrl_type=v,https://www.sec.gov/Archives/edgar/data/72333/000007233323000037/jwn-20230128_htm.xml
nordstrom,2022,72333,NORDSTROM INC,JWN,2022-03-11,2022-01-29,10-K,0000072333-22-000060,jwn-20220129.htm,https://www.sec.gov/Archives/edgar/data/0000072333/000007233322000060/0000072333-22-000060-index.html,https://www.sec.gov/cgi-bin/viewer?action=view&cik=72333&accession_number=0000072333-22-000060&xbrl_type=v,https://www.sec.gov/Archives/edgar/data/72333/000007233322000060/jwn-20220129_htm.xml
nordstrom,2021,72333,NORDSTROM INC,JWN,2021-03-16,2021-01-30,10-K,0000072333-21-000099,jwn-20210130.htm,https://www.sec.gov/Archives/edgar/data/0000072333/000007233321000099/0000072333-21-000099-index.html,https://www.sec.gov/cgi-bin/viewer?action=view&cik=72333&accession_number=0000072333-21-000099&xbrl_type=v,https://www.sec.gov/Archives/edgar/data/72333/000007233321000099/jwn-20210130_htm.xml
nordstrom,2020,72333,NORDSTROM INC,JWN,2020-03-20,2020-02-01,10-K,0000072333-20-000078,jwn-212020x10k.htm,https://www.sec.gov/Archives/edgar/data/0000072333/000007233320000078/0000072333-20-000078-index.html,https://www.sec.gov/cgi-bin/viewer?action=view&cik=72333&accession_number=0000072333-20-000078&xbrl_type=v,https://www.sec.gov/Archives/edgar/data/72333/000007233320000078/jwn-212020x10k_htm.xml
nordstrom,2019,72333,NORDSTROM INC,JWN,2019-03-18,2019-02-02,10-K,0000072333-19-000060,jwn-222019x10k.htm,https://www.sec.gov/Archives/edgar/data/0000072333/000007233319000060/0000072333-19-000060-index.html,https://www.sec.gov/cgi-bin/viewer?action=view&cik=72333&accession_number=0000072333-19-000060&xbrl_type=v,https://www.sec.gov/Archives/edgar/data/72333/000007233319000060/jwn-20190202.xml
